{
    "DBSCAN": {
        "eps": [
            1.5,
            1.4,
            1.5,
            1.3,
            1.3,
            1.2,
            1.2,
            1.2,
            null
        ],
        "min_samples": [
            26,
            10,
            4,
            18,
            30,
            26,
            16,
            28,
            null
        ],
        "avg_silhouette": [
            0.2914327147141336,
            0.20673143547986725,
            0.2834282435483809,
            0.19119454959412796,
            0.17090544996015683,
            0.1294454228249241,
            0.041973102653075876,
            0.12357380188348448,
            null
        ],
        "r2": [
            0.11048612262960524,
            0.0835103472626204,
            0.03497491185484468,
            0.18595224742575872,
            0.25445360979928344,
            0.3192299388033425,
            0.25343458211717357,
            0.3316833300928881,
            null
        ],
        "noise_fraction": [
            0.04399421128798842,
            0.03515034571474514,
            0.013667792249557806,
            0.08499758803666184,
            0.1219810258884065,
            0.16848367904807848,
            0.12291365171249397,
            0.179064158224795,
            null
        ],
        "exec_time": [
            1.3592808246612549,
            1.1351039409637451,
            1.7589590549468994,
            1.3549959659576416,
            2.001962900161743,
            0.8970348834991455,
            1.1776409149169922,
            0.862130880355835,
            null
        ]
    },
    "Hierarchical": {
        "avg_silhouette": [
            0.14325127259715353,
            0.14715351916873037,
            0.11977779354885976,
            0.1072886634994514,
            0.10768840729164147,
            0.11216552543156309,
            0.0989740998110914,
            0.08603955733163791,
            0.08989924346282728
        ],
        "r2": [
            0.09829116796378466,
            0.17382660188209784,
            0.23299796320714433,
            0.27862089009856816,
            0.314118785598757,
            0.3466285670614033,
            0.379087633607899,
            0.4038864862752545,
            0.42120422980459843
        ],
        "exec_time": [
            153.04140090942383,
            210.67006492614746,
            141.24565386772156,
            139.51372909545898,
            181.50067901611328,
            213.35563707351685,
            858.2080159187317,
            104.27789497375488,
            193.91702675819397
        ]
    },
    "KMeans": {
        "avg_silhouette": [
            0.16011112016057572,
            0.1344264821331823,
            0.14485157101012483,
            0.14446271408843822,
            0.13047128677687334,
            0.1352692674842394,
            0.1437379487503607,
            0.14587756733622795,
            0.1477747718195055
        ],
        "r2": [
            0.13371948368037273,
            0.21938037003846586,
            0.2973121668516398,
            0.3498489088660271,
            0.3913227150132663,
            0.42553963206861833,
            0.45530885215502226,
            0.4797251136770771,
            0.5018197998591322
        ],
        "exec_time": [
            7.716016530990601,
            8.024042844772339,
            8.522078275680542,
            8.281026840209961,
            8.016067743301392,
            7.9476637840271,
            7.975200653076172,
            7.858707427978516,
            8.255300521850586
        ]
    },
    "KMeans_Hierarchical": {
        "kmeans_exec_time": 1.8882901668548584,
        "avg_silhouette": [
            0.48523669850678486,
            0.4423932464414615,
            0.3100357893684775,
            0.3294471608130053,
            0.34745519592619767,
            0.38079109919706994,
            0.3471719715551875,
            0.3581847747796713,
            0.3146146347047792
        ],
        "r2": [
            0.0633665665478544,
            0.13187893442550347,
            0.23657348532463202,
            0.3058428397830679,
            0.36806923686298537,
            0.4192168887775247,
            0.4839726848733563,
            0.5526364109653642,
            0.6320710356730044
        ],
        "hc_exec_time": [
            8.185489654541016,
            8.144190073013306,
            7.942135572433472,
            7.831929922103882,
            7.909408092498779,
            7.8804309368133545,
            7.884044885635376,
            8.028505802154541,
            7.580697298049927
        ]
    },
    "KMedoids": {
        "avg_silhouette": [
            0.16981958646205841,
            0.16372822473301912,
            0.19907745444189817,
            0.26869375424059294,
            0.294229474664437,
            0.3332989616150455,
            0.3520216447058828,
            0.38333792247255355,
            0.4063766837823163
        ],
        "r2": [
            0.1138420560127552,
            0.19703174964244996,
            0.26224338902216215,
            0.3675630524215561,
            0.4244756882020349,
            0.47944287129015256,
            0.5326690463756067,
            0.5920119819873463,
            0.6494456381138374
        ],
        "exec_time": [
            45.377192974090576,
            30.532281160354614,
            29.71064329147339,
            30.347899198532104,
            55.618773221969604,
            50.514013051986694,
            40.07985305786133,
            56.355517864227295,
            40.221243143081665
        ]
    },
    "MeanShift": {
        "quantile": [
            0.15,
            null,
            null,
            null,
            null,
            null,
            null,
            null,
            null
        ],
        "avg_silhouette": [
            0.34085037453280864,
            null,
            null,
            null,
            null,
            null,
            null,
            null,
            null
        ],
        "r2": [
            0.01659932098985793,
            null,
            null,
            null,
            null,
            null,
            null,
            null,
            null
        ],
        "exec_time": [
            24.206591844558716,
            null,
            null,
            null,
            null,
            null,
            null,
            null,
            null
        ]
    },
    "SOM_KMeans": {
        "quantization_error": 1.103287499572431,
        "topographic_error": 0.7510210644798199,
        "som_exec_time": 24.2325119972229,
        "avg_silhouette": [
            0.2038589079518455,
            0.13997503172711245,
            0.1682670123638735,
            0.16453650492235694,
            0.16441165856959603,
            0.1669949655277826,
            0.17679733212658913,
            0.17116445119871376,
            0.1739362177493132
        ],
        "r2": [
            0.981284725689068,
            0.9834418420939781,
            0.9853678540814039,
            0.9867031632849468,
            0.9875924131403928,
            0.9883795657974587,
            0.9890854416650317,
            0.9896546926238212,
            0.9901852982624333
        ],
        "kmeans_exec_time": [
            0.08667397499084473,
            0.24710798263549805,
            0.256972074508667,
            0.2881290912628174,
            0.2883121967315674,
            0.27328991889953613,
            0.30236101150512695,
            0.29465818405151367,
            0.2791938781738281
        ]
    }
}