{
    "DBSCAN": {
        "eps": [
            1.3,
            1.5,
            1.3,
            1.1,
            1.3,
            null,
            1.2,
            1.0,
            1.1
        ],
        "min_samples": [
            10,
            6,
            6,
            10,
            8,
            null,
            6,
            8,
            8
        ],
        "avg_silhouette": [
            0.41509026988696246,
            0.23861313592820715,
            0.2754112848424537,
            0.2185688208615582,
            0.19836182435434663,
            null,
            -0.01959863573298613,
            -0.12979623809063046,
            -0.036532203627971244
        ],
        "r2": [
            0.025212045357936173,
            0.006571029967078549,
            0.014071169671040256,
            0.04666224658945502,
            0.01932697164425663,
            null,
            0.020002582693983136,
            0.05578355601631758,
            0.04191804106434995
        ],
        "noise_fraction": [
            0.013732111271908667,
            0.0032481106287184434,
            0.007814761215629523,
            0.030744492683711207,
            0.010258884064962212,
            null,
            0.012477890336066891,
            0.039266763145200195,
            0.025213056761537223
        ],
        "exec_time": [
            2.9441211223602295,
            3.14147686958313,
            2.6930811405181885,
            2.462766647338867,
            3.202246904373169,
            null,
            2.735297918319702,
            2.179908037185669,
            2.334733009338379
        ]
    },
    "Hierarchical": {
        "avg_silhouette": [
            0.23963382235084998,
            0.12592474522655,
            0.16755066207706323,
            0.2046454252985823,
            0.22202325870590348,
            0.2542909911064304,
            0.28282989212063003,
            0.307254623501112,
            0.31948336961581436
        ],
        "r2": [
            0.09997713688716811,
            0.1858213198336982,
            0.2598066853462989,
            0.3212936737062897,
            0.3825806154839003,
            0.44248328055622316,
            0.5001760337575801,
            0.5574786034620677,
            0.6140664828674735
        ],
        "exec_time": [
            85.11381697654724,
            115.19099116325378,
            183.0726752281189,
            98.95516180992126,
            117.14800190925598,
            109.34942197799683,
            82.37497019767761,
            112.44278573989868,
            78.98946928977966
        ]
    },
    "KMeans": {
        "avg_silhouette": [
            0.17243450914784655,
            0.15599363806675307,
            0.2292879677733823,
            0.2714523452843855,
            0.30793855893864663,
            0.33520954690877725,
            0.3494777251380519,
            0.3765145976939455,
            0.40619242801668337
        ],
        "r2": [
            0.12007662859788135,
            0.20791969199229768,
            0.2899308491297303,
            0.38077774597048797,
            0.43459219888732137,
            0.4912455404956454,
            0.5502608349867708,
            0.6014751305554663,
            0.6645773104377543
        ],
        "exec_time": [
            14.296953201293945,
            10.514119148254395,
            9.56361436843872,
            9.068017959594727,
            8.64858102798462,
            7.9709320068359375,
            8.205892086029053,
            7.642379999160767,
            7.948933124542236
        ]
    },
    "KMeans_Hierarchical": {
        "kmeans_exec_time": 5.816431760787964,
        "avg_silhouette": [
            0.4852366985304332,
            0.44239324646957373,
            0.3100357894049447,
            0.32944716085039083,
            0.3474551959647634,
            0.3807910992328081,
            0.3471719715963719,
            0.35818477482550176,
            0.3146146347902138
        ],
        "r2": [
            0.06336656654772073,
            0.13187893442544477,
            0.23657348532448202,
            0.3058428397830442,
            0.3680692368630052,
            0.4192168887774243,
            0.48397268487328277,
            0.552636410965339,
            0.6320710356729736
        ],
        "hc_exec_time": [
            14.234483003616333,
            12.847366333007812,
            12.79663610458374,
            12.05273175239563,
            13.27817177772522,
            12.575659036636353,
            12.13858413696289,
            12.269325971603394,
            10.49343490600586
        ]
    },
    "KMedoids": {
        "avg_silhouette": [
            0.16981958653426413,
            0.16372929872590794,
            0.19907841353452538,
            0.26869300406180024,
            0.2942278375724595,
            0.33329626848797395,
            0.35201867018214544,
            0.3833318959061628,
            0.40637215371265567
        ],
        "r2": [
            0.11384205601268713,
            0.19702891379966195,
            0.2622405531793464,
            0.3675599976470662,
            0.4244737352293588,
            0.479441015284878,
            0.5326671795372884,
            0.5920099352339389,
            0.6494442446570551
        ],
        "exec_time": [
            989.4175300598145,
            681.0221519470215,
            591.8327162265778,
            703.8392510414124,
            1847.884980916977,
            865.5555372238159,
            759.833301782608,
            776.253988981247,
            774.0667309761047
        ]
    },
    "MeanShift": {
        "quantile": [
            0.26052631578947366,
            null,
            0.2421052631578947,
            0.20526315789473681,
            0.1868421052631579,
            null,
            0.16842105263157894,
            null,
            null
        ],
        "avg_silhouette": [
            0.37254694782410414,
            null,
            0.36841263292886905,
            0.4042916501764548,
            0.3907236425537922,
            null,
            0.3397770072061991,
            null,
            null
        ],
        "r2": [
            0.07059779959930712,
            null,
            0.2116730269591811,
            0.28041122105386623,
            0.34293296013814123,
            null,
            0.4888411673018145,
            null,
            null
        ],
        "exec_time": [
            77.7049720287323,
            null,
            78.33465504646301,
            68.99199104309082,
            63.15744495391846,
            null,
            59.649353981018066,
            null,
            null
        ]
    },
    "SOM_KMeans": {
        "quantization_error": 0.2605701067871338,
        "topographic_error": 0.20392346036340248,
        "som_exec_time": 28.647783994674683,
        "avg_silhouette": [
            0.2354570906050924,
            0.25239077610732835,
            0.2735463327113439,
            0.29303464370925597,
            0.3170558755428405,
            0.3589855971999887,
            0.34127076533355705,
            0.3030806827448814,
            0.3436983628067563
        ],
        "r2": [
            0.10958944172921876,
            0.20712240715206914,
            0.2484869106164733,
            0.3095008259973588,
            0.3704745637844288,
            0.41514378898096577,
            0.48032209156081374,
            0.5500817643006803,
            0.6200146753197029
        ],
        "kmeans_exec_time": [
            14.436504125595093,
            12.208559036254883,
            13.120282173156738,
            12.977723121643066,
            13.388170003890991,
            15.085115909576416,
            12.767714977264404,
            11.63475775718689,
            12.245532989501953
        ]
    }
}