{
    "KMeans": {
        "avg_silhouette": [
            0.17243450914784655,
            0.15599363806675307,
            0.2292879677733823,
            0.2714523452843855,
            0.30793855893864663,
            0.33520954690877725,
            0.3494777251380519,
            0.3765145976939455,
            0.40619242801668337
        ],
        "r2": [
            0.12007662859788135,
            0.20791969199229768,
            0.2899308491297303,
            0.3807777459704881,
            0.43459219888732137,
            0.49124554049564545,
            0.5502608349867708,
            0.6014751305554663,
            0.6645773104377543
        ],
        "exec_time": [
            12.59260869026184,
            11.050246000289917,
            8.975167036056519,
            8.500560998916626,
            7.558078050613403,
            7.864382028579712,
            8.266853094100952,
            7.327858924865723,
            11.1717529296875
        ]
    },
    "KMedoids": {
        "avg_silhouette": [
            0.16981958653426413,
            0.16372929872590794,
            0.19907841353452538,
            0.26869300406180024,
            0.2942278375724595,
            0.33329626848797395,
            0.35201867018214544,
            0.3833318959061628,
            0.40637215371265567
        ],
        "r2": [
            0.779026815050027,
            0.8047991778530448,
            0.8162889781566536,
            0.8355272148097129,
            0.842792629623109,
            0.8550207600213673,
            0.8622085960516455,
            0.871449237730886,
            0.8774069939255412
        ],
        "exec_time": [
            709.4589240550995,
            470.2993280887604,
            493.54599595069885,
            490.2816410064697,
            649.2623841762543,
            793.4331917762756,
            614.8407351970673,
            605.7664549350739,
            636.9676330089569
        ]
    },
    "SOM_KMeans": {
        "quantization_error": 0.2605701067871338,
        "topographic_error": 0.20392346036340248,
        "som_exec_time": 27.964419841766357,
        "avg_silhouette": [
            0.1772196353972995,
            0.19351288880209128,
            0.2306167462875127,
            0.25890899059394246,
            0.2828407138732002,
            0.32117000004911095,
            0.3056881582226063,
            0.2773261764372517,
            0.2996140333561348
        ],
        "r2": [
            0.9757867434185441,
            0.9787427178207325,
            0.981326035091706,
            0.9834549377724637,
            0.9854894366005555,
            0.9871492879473973,
            0.9887413700533825,
            0.9900562310173407,
            0.9911491968919319
        ],
        "kmeans_exec_time": [
            0.17779207229614258,
            0.328005313873291,
            0.17673516273498535,
            0.30057215690612793,
            0.4226231575012207,
            0.43372297286987305,
            0.4069802761077881,
            0.5528650283813477,
            0.45726799964904785
        ]
    },
    "Hierarchical": {
        "avg_silhouette": [
            0.23963382235084998,
            0.12592474522655,
            0.16755066207706323,
            0.2046454252985823,
            0.22202325870590348,
            0.2542909911064304,
            0.28282989212063003,
            0.307254623501112,
            0.31948336961581436
        ],
        "r2": [
            0.09997713688716811,
            0.1858213198336982,
            0.2598066853462989,
            0.3212936737062897,
            0.3825806154839003,
            0.44248328055622316,
            0.5001760337575801,
            0.5574786034620677,
            0.6140664828674735
        ],
        "exec_time": [
            85.11381697654724,
            115.19099116325378,
            183.0726752281189,
            98.95516180992126,
            117.14800190925598,
            109.34942197799683,
            82.37497019767761,
            112.44278573989868,
            78.98946928977966
        ]
    },
    "KMeans_Hierarchical": {
        "kmeans_exec_time": 4.369438171386719,
        "avg_silhouette": [
            0.4606717218338019,
            0.42155332747181584,
            0.2507299371144435,
            0.287721724725979,
            0.30513778930956614,
            0.39849444647608806,
            0.34263067633286837,
            0.42799137278338345,
            0.4176822886315054
        ],
        "r2": [
            0.15954026027564738,
            0.2757987250300675,
            0.3798538470067226,
            0.47555905809301685,
            0.5533846816767567,
            0.624660989962795,
            0.6835045055849448,
            0.7361127640500442,
            0.7674166408734843
        ],
        "hc_exec_time": [
            0.01381826400756836,
            0.0028159618377685547,
            0.010925054550170898,
            0.0061070919036865234,
            0.0060291290283203125,
            0.005710124969482422,
            0.0035657882690429688,
            0.0035238265991210938,
            0.004241943359375
        ]
    },
    "DBSCAN": {
        "eps": [
            1.3,
            1.5,
            1.3,
            1.1,
            1.3,
            null,
            1.2,
            1.0,
            1.1
        ],
        "min_samples": [
            10,
            6,
            6,
            10,
            8,
            null,
            6,
            8,
            8
        ],
        "avg_silhouette": [
            0.41509026988696246,
            0.23861313592820715,
            0.2754112848424537,
            0.2185688208615582,
            0.19836182435434663,
            null,
            -0.01959863573298613,
            -0.12979623809063046,
            -0.036532203627971244
        ],
        "r2": [
            0.025212045357936173,
            0.006571029967078549,
            0.014071169671040256,
            0.04666224658945502,
            0.01932697164425663,
            null,
            0.020002582693983136,
            0.05578355601631758,
            0.04191804106434995
        ],
        "noise_fraction": [
            0.013732111271908667,
            0.0032481106287184434,
            0.007814761215629523,
            0.030744492683711207,
            0.010258884064962212,
            null,
            0.012477890336066891,
            0.039266763145200195,
            0.025213056761537223
        ],
        "exec_time": [
            2.9441211223602295,
            3.14147686958313,
            2.6930811405181885,
            2.462766647338867,
            3.202246904373169,
            null,
            2.735297918319702,
            2.179908037185669,
            2.334733009338379
        ]
    },
    "MeanShift": {
        "quantile": [
            0.26052631578947366,
            null,
            0.2421052631578947,
            0.20526315789473681,
            0.1868421052631579,
            null,
            0.16842105263157894,
            null,
            null
        ],
        "avg_silhouette": [
            0.37254694782410414,
            null,
            0.36841263292886905,
            0.4042916501764548,
            0.3907236425537922,
            null,
            0.3397770072061991,
            null,
            null
        ],
        "r2": [
            0.07059779959930712,
            null,
            0.2116730269591811,
            0.28041122105386623,
            0.34293296013814123,
            null,
            0.4888411673018145,
            null,
            null
        ],
        "exec_time": [
            77.7049720287323,
            null,
            78.33465504646301,
            68.99199104309082,
            63.15744495391846,
            null,
            59.649353981018066,
            null,
            null
        ]
    }
}