{
    "DBSCAN": {
        "eps": [
            1.5,
            1.4,
            1.5,
            1.3,
            1.3,
            1.2,
            1.2,
            1.2,
            null
        ],
        "min_samples": [
            26,
            10,
            4,
            18,
            30,
            26,
            16,
            28,
            null
        ],
        "avg_silhouette": [
            0.2914327147141336,
            0.20673143547986725,
            0.2834282435483809,
            0.19119454959412796,
            0.17090544996015683,
            0.1294454228249241,
            0.041973102653075876,
            0.12357380188348448,
            null
        ],
        "r2": [
            0.11048612262960524,
            0.0835103472626204,
            0.03497491185484468,
            0.18595224742575872,
            0.25445360979928344,
            0.3192299388033425,
            0.25343458211717357,
            0.3316833300928881,
            null
        ],
        "noise_fraction": [
            0.04399421128798842,
            0.03515034571474514,
            0.013667792249557806,
            0.08499758803666184,
            0.1219810258884065,
            0.16848367904807848,
            0.12291365171249397,
            0.179064158224795,
            null
        ],
        "exec_time": [
            1.3592808246612549,
            1.1351039409637451,
            1.7589590549468994,
            1.3549959659576416,
            2.001962900161743,
            0.8970348834991455,
            1.1776409149169922,
            0.862130880355835,
            null
        ]
    },
    "Hierarchical": {
        "avg_silhouette": [
            0.14325127259715353,
            0.14715351916873037,
            0.11977779354885976,
            0.1072886634994514,
            0.10768840729164147,
            0.11216552543156309,
            0.0989740998110914,
            0.08603955733163791,
            0.08989924346282728
        ],
        "r2": [
            0.09829116796378466,
            0.17382660188209784,
            0.23299796320714433,
            0.27862089009856816,
            0.314118785598757,
            0.3466285670614033,
            0.379087633607899,
            0.4038864862752545,
            0.42120422980459843
        ],
        "exec_time": [
            153.04140090942383,
            210.67006492614746,
            141.24565386772156,
            139.51372909545898,
            181.50067901611328,
            213.35563707351685,
            858.2080159187317,
            104.27789497375488,
            193.91702675819397
        ]
    },
    "KMeans": {
        "avg_silhouette": [
            0.16011112016057572,
            0.1344264821331823,
            0.14485157101012483,
            0.14446271408843822,
            0.13047128677687334,
            0.1352692674842394,
            0.1437379487503607,
            0.14587756733622795,
            0.1477747718195055
        ],
        "r2": [
            0.13371948368037273,
            0.21938037003846586,
            0.2973121668516398,
            0.3498489088660271,
            0.3913227150132663,
            0.42553963206861833,
            0.45530885215502226,
            0.4797251136770771,
            0.5018197998591322
        ],
        "exec_time": [
            7.716016530990601,
            8.024042844772339,
            8.522078275680542,
            8.281026840209961,
            8.016067743301392,
            7.9476637840271,
            7.975200653076172,
            7.858707427978516,
            8.255300521850586
        ]
    },
    "KMeans_Hierarchical": {
        "kmeans_exec_time": 5.258242607116699,
        "avg_silhouette": [
            0.19395997275378546,
            0.19619190409340567,
            0.1944198710711469,
            0.15644350693816395,
            0.14122460818336943,
            0.14164320186508106,
            0.14774465247521004,
            0.1526368407901896,
            0.1465196099014651
        ],
        "r2": [
            0.12651363707617336,
            0.20800805755935514,
            0.2507396470060922,
            0.3214942431662152,
            0.3683691865250388,
            0.4115060688147249,
            0.43993761361609196,
            0.46661260373550156,
            0.4802311842464603
        ],
        "hc_exec_time": [
            7.804108142852783,
            10.268588304519653,
            10.556520938873291,
            12.412264823913574,
            16.052156925201416,
            16.166459321975708,
            13.10195016860962,
            12.8209810256958,
            12.751343965530396
        ]
    },
    "KMedoids": {
        "avg_silhouette": [
            0.176896601337719,
            0.09714138896887928,
            0.10958020221032204,
            0.11377351408578619,
            0.11223483918832904,
            0.10416237774249552,
            0.11439277605905297,
            0.1200315534685985,
            0.1176437002594952
        ],
        "r2": [
            0.1270735812833823,
            0.18434015933155426,
            0.25595296729382677,
            0.31076616037649724,
            0.3431987943621459,
            0.35792808035460094,
            0.42076561499079657,
            0.4296016019265819,
            0.45730128131268116
        ],
        "exec_time": [
            52.5643105506897,
            40.45651698112488,
            42.20557689666748,
            30.831072092056274,
            31.764346599578857,
            27.724233865737915,
            25.712855339050293,
            25.372493982315063,
            24.221423864364624
        ]
    },
    "MeanShift": {
        "quantile": [
            0.15,
            null,
            null,
            null,
            null,
            null,
            null,
            null,
            null
        ],
        "avg_silhouette": [
            0.34085037453280864,
            null,
            null,
            null,
            null,
            null,
            null,
            null,
            null
        ],
        "r2": [
            0.01659932098985793,
            null,
            null,
            null,
            null,
            null,
            null,
            null,
            null
        ],
        "exec_time": [
            24.206591844558716,
            null,
            null,
            null,
            null,
            null,
            null,
            null,
            null
        ]
    },
    "SOM_KMeans": {
        "quantization_error": 1.103287499572431,
        "topographic_error": 0.7510210644798199,
        "som_exec_time": 24.2325119972229,
        "avg_silhouette": [
            0.2038589079518455,
            0.13997503172711245,
            0.1682670123638735,
            0.16453650492235694,
            0.16441165856959603,
            0.1669949655277826,
            0.17679733212658913,
            0.17116445119871376,
            0.1739362177493132
        ],
        "r2": [
            0.981284725689068,
            0.9834418420939781,
            0.9853678540814039,
            0.9867031632849468,
            0.9875924131403928,
            0.9883795657974587,
            0.9890854416650317,
            0.9896546926238212,
            0.9901852982624333
        ],
        "kmeans_exec_time": [
            0.08667397499084473,
            0.24710798263549805,
            0.256972074508667,
            0.2881290912628174,
            0.2883121967315674,
            0.27328991889953613,
            0.30236101150512695,
            0.29465818405151367,
            0.2791938781738281
        ]
    }
}