{
    "DBSCAN": {
        "eps": [
            1.5,
            1.4,
            1.5,
            1.3,
            1.3,
            1.2,
            1.2,
            1.2,
            null
        ],
        "min_samples": [
            26,
            10,
            4,
            18,
            30,
            26,
            16,
            28,
            null
        ],
        "avg_silhouette": [
            0.2914327147141336,
            0.20673143547986725,
            0.2834282435483809,
            0.19119454959412796,
            0.17090544996015683,
            0.1294454228249241,
            0.041973102653075876,
            0.12357380188348448,
            null
        ],
        "r2": [
            0.11048612262960524,
            0.0835103472626204,
            0.03497491185484468,
            0.18595224742575872,
            0.25445360979928344,
            0.3192299388033425,
            0.25343458211717357,
            0.3316833300928881,
            null
        ],
        "noise_fraction": [
            0.04399421128798842,
            0.03515034571474514,
            0.013667792249557806,
            0.08499758803666184,
            0.1219810258884065,
            0.16848367904807848,
            0.12291365171249397,
            0.179064158224795,
            null
        ],
        "exec_time": [
            1.3592808246612549,
            1.1351039409637451,
            1.7589590549468994,
            1.3549959659576416,
            2.001962900161743,
            0.8970348834991455,
            1.1776409149169922,
            0.862130880355835,
            null
        ]
    },
    "Hierarchical": {
        "avg_silhouette": [
            0.14325127259715353,
            0.14715351916873037,
            0.11977779354885976,
            0.1072886634994514,
            0.10768840729164147,
            0.11216552543156309,
            0.0989740998110914,
            0.08603955733163791,
            0.08989924346282728
        ],
        "r2": [
            0.09829116796378466,
            0.17382660188209784,
            0.23299796320714433,
            0.27862089009856816,
            0.314118785598757,
            0.3466285670614033,
            0.379087633607899,
            0.4038864862752545,
            0.42120422980459843
        ],
        "exec_time": [
            153.04140090942383,
            210.67006492614746,
            141.24565386772156,
            139.51372909545898,
            181.50067901611328,
            213.35563707351685,
            858.2080159187317,
            104.27789497375488,
            193.91702675819397
        ]
    },
    "KMeans": {
        "avg_silhouette": [
            0.16011112016057583,
            0.13442648213318248,
            0.14485157101012502,
            0.14446271408843864,
            0.13047128677687383,
            0.13526926748424006,
            0.14373794875036142,
            0.1458775673362287,
            0.14777477181950638
        ],
        "r2": [
            0.13371847607163945,
            0.21937977154340368,
            0.2973118715354395,
            0.34984813730737047,
            0.3913224136787829,
            0.4255385509527588,
            0.45530861253913396,
            0.4797243553317718,
            0.5018194260811913
        ],
        "exec_time": [
            13.240579843521118,
            12.408066987991333,
            11.743602275848389,
            11.097785949707031,
            10.38118600845337,
            10.76452922821045,
            9.77555513381958,
            9.519267082214355,
            11.925181865692139
        ]
    },
    "KMeans_Hierarchical": {
        "kmeans_exec_time": 7.338985919952393,
        "avg_silhouette": [
            0.1929219217716492,
            0.2288852155025481,
            0.26568744630159524,
            0.3160562470625447,
            0.2825112719326003,
            0.24223014840717244,
            0.29900724344119856,
            0.27333895893552373,
            0.3044405115489452
        ],
        "r2": [
            0.1665623035011234,
            0.3120416235980302,
            0.3914449384712211,
            0.4676149423200512,
            0.5182639821610323,
            0.5549772713668091,
            0.5914216246358809,
            0.6235382491084971,
            0.6499383675159486
        ],
        "hc_exec_time": [
            0.04553484916687012,
            0.00534510612487793,
            0.0059201717376708984,
            0.005772113800048828,
            0.005029201507568359,
            0.005755901336669922,
            0.005573272705078125,
            0.0057909488677978516,
            0.006122112274169922
        ]
    },
    "KMedoids": {
        "avg_silhouette": [
            0.1768966013377191,
            0.09714138896887962,
            0.10958020221032257,
            0.11377351408578693,
            0.11223483918833002,
            0.10416237774249652,
            0.11439277605905387,
            0.12003155346859919,
            0.11764370025949643
        ],
        "r2": [
            0.7123849755975007,
            0.7227159659403163,
            0.738107729634913,
            0.7457604324485619,
            0.7516208578655469,
            0.7541500543720784,
            0.7638449218049069,
            0.7651429017702497,
            0.7707096754406115
        ],
        "exec_time": [
            955.2626159191132,
            3035.2459371089935,
            1783.994903087616,
            760.2433030605316,
            822.337406873703,
            681.9272089004517,
            676.3706338405609,
            928.2972710132599,
            1061.6600997447968
        ]
    },
    "MeanShift": {
        "quantile": [
            0.15,
            null,
            null,
            null,
            null,
            null,
            null,
            null,
            null
        ],
        "avg_silhouette": [
            0.34085037453280864,
            null,
            null,
            null,
            null,
            null,
            null,
            null,
            null
        ],
        "r2": [
            0.01659932098985793,
            null,
            null,
            null,
            null,
            null,
            null,
            null,
            null
        ],
        "exec_time": [
            24.206591844558716,
            null,
            null,
            null,
            null,
            null,
            null,
            null,
            null
        ]
    },
    "SOM_KMeans": {
        "quantization_error": 1.103287499572431,
        "topographic_error": 0.7510210644798199,
        "som_exec_time": 24.2325119972229,
        "avg_silhouette": [
            0.2038589079518455,
            0.13997503172711245,
            0.1682670123638735,
            0.16453650492235694,
            0.16441165856959603,
            0.1669949655277826,
            0.17679733212658913,
            0.17116445119871376,
            0.1739362177493132
        ],
        "r2": [
            0.981284725689068,
            0.9834418420939781,
            0.9853678540814039,
            0.9867031632849468,
            0.9875924131403928,
            0.9883795657974587,
            0.9890854416650317,
            0.9896546926238212,
            0.9901852982624333
        ],
        "kmeans_exec_time": [
            0.08667397499084473,
            0.24710798263549805,
            0.256972074508667,
            0.2881290912628174,
            0.2883121967315674,
            0.27328991889953613,
            0.30236101150512695,
            0.29465818405151367,
            0.2791938781738281
        ]
    }
}