{
    "DBSCAN": {
        "eps": [
            1.5,
            1.4,
            1.5,
            1.3,
            1.3,
            1.2,
            1.2,
            1.2,
            null
        ],
        "min_samples": [
            26,
            10,
            4,
            18,
            30,
            26,
            16,
            28,
            null
        ],
        "avg_silhouette": [
            0.2914327147141336,
            0.20673143547986725,
            0.2834282435483809,
            0.19119454959412796,
            0.17090544996015683,
            0.1294454228249241,
            0.041973102653075876,
            0.12357380188348448,
            null
        ],
        "r2": [
            0.11048612262960524,
            0.0835103472626204,
            0.03497491185484468,
            0.18595224742575872,
            0.25445360979928344,
            0.3192299388033425,
            0.25343458211717357,
            0.3316833300928881,
            null
        ],
        "noise_fraction": [
            0.04399421128798842,
            0.03515034571474514,
            0.013667792249557806,
            0.08499758803666184,
            0.1219810258884065,
            0.16848367904807848,
            0.12291365171249397,
            0.179064158224795,
            null
        ],
        "exec_time": [
            1.3592808246612549,
            1.1351039409637451,
            1.7589590549468994,
            1.3549959659576416,
            2.001962900161743,
            0.8970348834991455,
            1.1776409149169922,
            0.862130880355835,
            null
        ]
    },
    "Hierarchical": {
        "avg_silhouette": [
            0.14325127259715353,
            0.14715351916873037,
            0.11977779354885976,
            0.1072886634994514,
            0.10768840729164147,
            0.11216552543156309,
            0.0989740998110914,
            0.08603955733163791,
            0.08989924346282728
        ],
        "r2": [
            0.09829116796378466,
            0.17382660188209784,
            0.23299796320714433,
            0.27862089009856816,
            0.314118785598757,
            0.3466285670614033,
            0.379087633607899,
            0.4038864862752545,
            0.42120422980459843
        ],
        "exec_time": [
            153.04140090942383,
            210.67006492614746,
            141.24565386772156,
            139.51372909545898,
            181.50067901611328,
            213.35563707351685,
            858.2080159187317,
            104.27789497375488,
            193.91702675819397
        ]
    },
    "KMeans": {
        "avg_silhouette": [
            0.16011112016057583,
            0.13442648213318248,
            0.14485157101012502,
            0.14446271408843864,
            0.13047128677687383,
            0.13526926748424006,
            0.14373794875036142,
            0.1458775673362287,
            0.14777477181950638
        ],
        "r2": [
            0.13371847607163945,
            0.21937977154340368,
            0.2973118715354395,
            0.34984813730737047,
            0.3913224136787829,
            0.4255385509527588,
            0.45530861253913396,
            0.4797243553317718,
            0.5018194260811913
        ],
        "exec_time": [
            13.240579843521118,
            12.408066987991333,
            11.743602275848389,
            11.097785949707031,
            10.38118600845337,
            10.76452922821045,
            9.77555513381958,
            9.519267082214355,
            11.925181865692139
        ]
    },
    "KMeans_Hierarchical": {
        "kmeans_exec_time": 6.3891072273254395,
        "avg_silhouette": [
            0.19395997275378551,
            0.19619190409340573,
            0.19441987107114697,
            0.15644350693816406,
            0.1412246081833699,
            0.1416432018650816,
            0.1477446524752106,
            0.15263684079019033,
            0.1465196099014659
        ],
        "r2": [
            0.12651363707626842,
            0.20800805755936497,
            0.2507396470061394,
            0.3214942431662592,
            0.3683691865250627,
            0.41150606881475543,
            0.4399376136161156,
            0.4666126037355262,
            0.48023118424648475
        ],
        "hc_exec_time": [
            15.617518901824951,
            12.236035823822021,
            12.219380855560303,
            10.919527053833008,
            10.371881008148193,
            12.088050842285156,
            12.491394996643066,
            12.157942771911621,
            9.364820003509521
        ]
    },
    "KMedoids": {
        "avg_silhouette": [
            0.1768966013377191,
            0.09714138896887962,
            0.10958020221032257,
            0.11377351408578693,
            0.11223483918833002,
            0.10416237774249652,
            0.11439277605905387,
            0.12003155346859919,
            0.11764370025949643
        ],
        "r2": [
            0.12707358128341031,
            0.18434015933158074,
            0.25595296729386896,
            0.3107661603765269,
            0.3431987943621829,
            0.35792808035463136,
            0.42076561499082776,
            0.4296016019266066,
            0.4573012813127055
        ],
        "exec_time": [
            925.280149936676,
            890.223436832428,
            1020.1325080394745,
            792.1876721382141,
            753.2445187568665,
            701.7030572891235,
            4143.379312038422,
            15766.850295066833,
            13735.948307991028
        ]
    },
    "MeanShift": {
        "quantile": [
            0.15,
            null,
            null,
            null,
            null,
            null,
            null,
            null,
            null
        ],
        "avg_silhouette": [
            0.34085037453280864,
            null,
            null,
            null,
            null,
            null,
            null,
            null,
            null
        ],
        "r2": [
            0.01659932098985793,
            null,
            null,
            null,
            null,
            null,
            null,
            null,
            null
        ],
        "exec_time": [
            24.206591844558716,
            null,
            null,
            null,
            null,
            null,
            null,
            null,
            null
        ]
    },
    "SOM_KMeans": {
        "quantization_error": 1.103287499572431,
        "topographic_error": 0.7510210644798199,
        "som_exec_time": 22.963196992874146,
        "avg_silhouette": [
            0.1631073155252981,
            0.11598734818373284,
            0.13783287502879643,
            0.11825874251774252,
            0.10267964398192367,
            0.09662216439070358,
            0.10226242479547158,
            0.08923869958829674,
            0.09397973746519132
        ],
        "r2": [
            0.12206601295337764,
            0.1915682801368556,
            0.267487827116609,
            0.31642768312439856,
            0.34564373491089256,
            0.36606910989465297,
            0.39191942899582466,
            0.40577087141524953,
            0.4344695889641173
        ],
        "kmeans_exec_time": [
            14.671327829360962,
            12.583961009979248,
            13.941848993301392,
            10.955853700637817,
            10.200706005096436,
            10.110463857650757,
            9.691800117492676,
            9.55739688873291,
            10.44806981086731
        ]
    }
}